,content_uid,name,duration_seconds
54,22864,12 рождественских желаний,87
60,6070,13-й район,84
70,26933,"2 спальни, 1 ванная",91
325,5713,Авиатор,
618,25226,Аптечный сомелье. Фоменко,
623,4001,Ас,
670,30796,Бандитки,
703,5726,Банды Нью-Йорка,
1021,27481,Беглецы,
1273,4464,Бинго Бонго,
1344,4463,Блеф,
1473,25091,Большая перемена. 1 серия,
1474,9573,Большая перемена. 4 серия,
1850,3248,В центре внимания,
1869,24973,Васаби,
2690,27969,Волейбол. Олимпийский квалификационный турнир 2020 (Мужчины),
2753,2771,Ворон: спасение,
2906,26421,Вспомнить всё,
2911,29372,Всё о его бывшей,
3108,26674,Гигантик,
3403,25352,Двенадцать месяцев,
3823,8232,"Джентльмены, удачи!",
4131,3410,Дон Кихот,
4154,24788,Дорогой диктатор,
4401,26526,Жена смотрителя зоопарка,
4593,27785,За пропастью во ржи,
5250,24786,Иллюзионист,
5326,26067,Имя розы,
5666,2743,Ирония судьбы. Продолжение,
6322,24812,Кого хочу я больше,
6720,8556,Крабат. Ученик колдуна,
8379,26780,Механик,
8815,26562,Много шума из ничего,
9446,27109,Невезучие,
9482,26784,Невидимки,
9491,25245,Незнакомцы,
9599,8224,Неудержимые,
9600,26446,Неудержимые 2,
9601,5880,Неудержимые 3,
9716,2156,Новый парень моей мамы,
9718,5079,Нокаут,
9771,2145,Обитель зла 3,
10142,7321,Он гораздо популярнее тебя,
10222,29018,Основной инстинкт,
10223,24908,Основной инстинкт 2,
10529,26205,Охотник с Уолл-стрит,
10648,2263,Папаши,
11218,1666,Подводная братва,
11451,26995,Помни меня,
11645,27485,Про любоff,
11941,2711,Пятый элемент,
13164,27764,Сердце Ангела,
13514,3887,Смертельный удар,
13972,27515,Солдаты неудачи,
14294,3928,Старикам тут не место,
14534,27136,Сфера,
14725,24994,Такси 2,
14726,7357,Такси 3,
14727,26005,Такси 5,
14878,26910,Терминатор 2: Судный день,
15346,27135,Ультраамериканцы,
16107,24650,Фред,
16210,24828,Хаос,
16436,4670,Чего хотят женщины,
16615,15821,Чёрный тюльпан,
16667,4857,Шербурские зонтики,
16845,26214,Шрэк 2,
17282,4037,Яркая звезда,
